INSERT INTO address(street,building_number,flat_number,post_code,city) VALUES ('329-961 Molestie St.',68,47,'4505','Lesna'),('374-1957 Laoreet, Road',31,19,'07-788','Poznan'),('P.O. Box 559, 3732 Tellus. Rd.',32,32,'FW20 0QI','Warszawa'),('Ap #867-1099 Posuere, St.',63,5,'V7X 6C0','Krakow'),('Ap #552-6016 Nunc Street',4,50,'1491','Lesna'),('456 Sagittis Rd.',69,14,'216030','Luban'),('496-4586 Faucibus. Rd.',8,14,'05554','Krotoszyn'),('Ap #350-4023 Quis, Road',97,2,'16779','Bialystok'),('P.O. Box 912, 3858 Sociosqu',91,48,'5328','Pila'),('P.O. Box 253, 7584 Parturient Av.',19,6,'80-626','Walcz'),('8044 Odio. Road',28,33,'944819','Mielno'),('P.O. Box 884, 3922 Arcu. Avenue',23,47,'843940','Katowice'),('Ap #409-2797 Tellus. Road',63,23,'13619','Kolobrzeg'),('Ap #210-5797 Rhoncus. Street',73,26,'98505','Chełm'),('P.O. Box 797, 9166 Fringilla St.',14,45,'Y5B 7Y1','Tychy'),('Ap #577-5179 Mi Av.',52,34,'5496','Zakopane'),('4785 Nec, Ave',44,33,'65966','Kalisz'),('1574 Elit Street',58,20,'817959','Szczecin'),('Ap #416-7555 Et Ave',57,40,'2300','Ełk'),('1807 Nec Rd.',74,9,'8996 MX','Polkowice'),('Avenue',1,3,'81-553','Challand-Saint-Victor'),('5948 Nibh Street',88,32,'47305','Tirrases'),('Ap #711-5389 Ante. St.',42,39,'72484','Calvi Risorta');
INSERT INTO job_title(name_position) VALUES ('Salesman'),('Accountant'),('Manager');
INSERT INTO car(chassis, mark, year_produce, color, engine_capacity, power_in_KW, milage)  VALUES ('Sedan', 'Opel', 2005, 'red',1999,140,150202), ('Sedan', 'Volkswagen', 2008, 'silver',2200,160,30074), ('Combi', 'Audi', 2002, 'black',1901,120,160302),('Coupe', 'Renault', 2003, 'black',1892,100,100322), ('SUV', 'Mitsubishi', 2001, 'blue',1889,90,201872),('Hatchback', 'Peugot', 2008, 'red',1609,100,54000),('Sedan', 'Peugot', 2012, 'black', 1902,130,42000),('Sedan', 'BMW', 2017, 'black',3500,300,5000),('Limousine', 'BMW', 2002, 'black',2001,100,219021),('Coupe','Mazda',1997,'blue',2133,112,160801),('Sedan','Mazda',1998,'red',2084,139,298565),('SUV','Nissan',1989,'blue',1672,137,342143),('SUV','Toyota',2004,'yellow',1736,116,304585),('Sedan','Toyota',1980,'silver',1827,100,314797),('Coupe','Citroën',2006,'blue',2001,116,331524),('Combi','Citroën',1983,'silver',1866,83,205066),('Limousine','Fiat',2005,'blue',1852,85,201600),('Sedan','Nissan',2000,'silver',1735,103,184804),('SUV','Jeep',2004,'yellow',1981,90,241211);
INSERT INTO department(address_id,department_name, telephone, mail)VALUES(1, 'W1', '111-222-333', 'firstdepartment@gmail.com'),(2, 'W2', '222-111-333', 'seconddepartment@gmail.com'),(3, 'W3', '333-222-111', 'thirddepartment@gmail.com'),(4, 'W4', '111-222-111', 'fourthdepartment@gmail.com');
INSERT INTO employee(position_id, department_id, first_name, surname, birth_date, mail, telephone) VALUES(1,1,'Kylynn', 'Travis', '1983-02-12', "arcu.iaculis@elit.org","863-240-981"),(1,1, 'Branden', 'Hoover', '1966-05-03',"amet@aliquet.ca","441-688-198"),(1,1, 'Nathan',	'Patton', '1982-02-06',"iaculis.enim.sit@enimt.net","639-467-695"),(1,1,'Edward','Phillips','1976-06-12',"Integer.urna.Vivamus@Crasvehicula.edu","595-279-735"),(1,2,'Blair',	'Schroeder','1992-01-15',"Suspendisse.sed.dolor@necdiam.edu","105-751-420"),(1,2, 'Taylor',	'Baird','1943-01-12',"at.velit.Pellentesque@arcueuodio.org","360-965-491"),(1,3, 'Ivana', 'MFlon', '1996-11-29',"euismod.in.dolor@Suspendisseseddolor.com","342-433-964"),(1,3,'Clayton',	'Pate',	'1952-12-30',"euismod.in.dolor@diamvelarcu.net","641-898-935"),(2,1, 'Shana',	'Little','1969-11-15',"ridiculus@sedorcilobortis.org","712-213-979"),(2,1,'Keith',	'Skinner','1957-12-10',"a@enimCurabiturmassa.org","309-296-996"),(2,1,'Ainsley',	'Manning','1987-07-02',"ipsum@consectetueradipiscing.org","679-905-394"),(2,2,'Wilma',	'Fitzpatrick','1979-08-16',"a.scelerisque.sed@sit.ca","915-634-837"),(2,3,'Zeus',	'Ochoa','1996-08-07',"et.rutrum@Crasdictum.edu","199-674-090"),(3,1,'Dennis',	'Keller','1996-08-07',"interdum@consectetueripsumnunc.co.uk","494-575-154"),(3,1,'Flynn',	'Jacobs','1979-02-10',"felis@orciluctus.edu","413-563-675"),(3,1,'Minerva',	'Compton','1977-03-31',"mi@sit.co.uk","201-640-773"),(3,1,'Mufutau',	'Kaufman','1957-11-04',"diam.Duis@accumsan.ca","760-378-496"),(3,2,'William',	'Pfole','1991-12-19',"nostra@acarcu.com","662-458-856"),(3,2,'Quentin',	'Olson','1990-10-30',"Curae@odioa.com","849-117-823"),(3,3,'Camille',	'Vega',	'1993-10-25',"tortor.Nunc@Donecporttitortellus.co.uk","880-844-649"),(1,null,'John', 'Smith', '1950-01-01', "smith@gmail.com", "222-222-222");
INSERT INTO clients(first_name, surname, address_id, mail, telephone, credit_card, birth_date)VALUES('Destiny','Vazquez',5,'destiny@gmail.com','123-321-432','4999-6103-2467-0028','1971-09-21'),('Fulton','Gentry',6,'fulton@gmail.com','298-321-213','1525-2043-5333-1937','1991-03-26'),('Lars','Garner',7,'lars@gmail.com','322-213-432','8677-3908-3695-0053','1965-04-27'),('Erasmus','Howell',8,'erasmus@gmail.com','321-853-211','9876-8599-3088-9157','1973-10-29'), ('Desiree','Singleton',9,'desiree@yahoo.com','213-123-124','7668-8146-8599-4355','1999-07-06'),('Colleen','Lloyd',10,'colleen@yahoo.com','219-321-653','9843-3931-5524-9063','1976-03-21'),('Kristen','Lancaster',11,'kristen@onet.pl','128-231-214','0873-4624-8933-5960','1980-12-27');
INSERT INTO employee_car(employee_id,car_id)  VALUES (1,1),(2,2),(3,3),(4,4),(5,5);
INSERT INTO rent (department_from_id,department_to_id,car_id,client_id,expense_in_dollars,rent_term,devotion_term) VALUES (1,2,3,4,163,'2015-05-15','2015-06-11'),(2,2,1,6,269,'2015-08-20','2015-09-04'),(2,3,6,2,355,'2015-09-17','2015-09-23'),(3,2,1,1,377,'2016-01-30','2016-02-05'),(4,2,3,2,144,'2016-03-04','2016-04-11'),(4,4,5,3,293,'2017-02-23','2017-03-19');